t,source,V,n,T,Bt,Bx_gsm,By_gsm,Bz_gsm
2026-10-06T00:00:00Z,SOLAR1,538.5,2.48,106326,4.75,-3.97,-2.46,-0.78
2026-10-06T00:01:00Z,SOLAR1,536.0,2.72,151559,4.78,-4.07,-2.3,-0.97
2026-10-06T00:02:00Z,SOLAR1,538.4,2.82,147210,4.77,-4.08,-2.42,-0.48
2026-10-06T00:03:00Z,SOLAR1,540.0,2.77,134414,4.82,-3.69,-3.03,-0.68
2026-10-06T00:04:00Z,SOLAR1,541.2,2.83,132083,4.82,-3.7,-3.05,-0.43
2026-10-06T00:05:00Z,SOLAR1,541.6,2.89,136665,4.77,-3.46,-3.16,0.46
2026-10-06T00:06:00Z,SOLAR1,549.6,3.0,138959,4.68,-2.92,-3.35,1.39
2026-10-06T00:07:00Z,SOLAR1,544.1,2.94,139844,4.66,-2.94,-3.42,1.1
2026-10-06T00:08:00Z,SOLAR1,543.9,2.81,155561,4.66,-2.81,-2.38,-1.69
2026-10-06T00:09:00Z,SOLAR1,541.1,2.87,137351,4.66,-3.29,-2.09,-1.86
2026-10-06T00:10:00Z,SOLAR1,529.5,2.7,141545,4.67,-3.55,-2.78,-1.02
2026-10-06T00:11:00Z,SOLAR1,538.1,2.44,146297,4.68,-4.14,-2.0,-0.61
2026-10-06T00:12:00Z,SOLAR1,533.2,2.69,137412,4.72,-4.27,-1.92,-0.1
2026-10-06T00:13:00Z,SOLAR1,528.9,2.6,139449,4.7,-4.29,-1.76,-0.08
2026-10-06T00:14:00Z,SOLAR1,528.4,2.67,144929,4.66,-4.41,-1.43,0.21
2026-10-06T00:15:00Z,SOLAR1,527.5,2.58,147566,4.64,-4.53,-0.95,0.01
2026-10-06T00:16:00Z,SOLAR1,528.3,2.55,145194,4.67,-4.54,-1.04,0.13
2026-10-06T00:17:00Z,SOLAR1,528.7,2.62,131676,4.66,-4.46,-1.23,-0.15
2026-10-06T00:18:00Z,SOLAR1,528.9,2.6,138277,4.77,-4.21,-1.91,-1.09
2026-10-06T00:19:00Z,SOLAR1,529.5,2.63,134403,4.79,-4.37,-1.78,-0.67
2026-10-06T00:20:00Z,SOLAR1,529.8,2.67,135847,4.72,-4.19,-2.07,0.17
2026-10-06T00:21:00Z,SOLAR1,532.8,2.65,135774,4.72,-4.13,-2.2,-0.52
2026-10-06T00:22:00Z,SOLAR1,532.1,2.7,138795,4.77,-4.12,-2.37,-0.28
2026-10-06T00:23:00Z,SOLAR1,527.4,2.55,137592,4.71,-4.22,-1.96,0.37
2026-10-06T00:24:00Z,SOLAR1,527.5,2.8,134572,4.76,-4.51,-1.31,0.07
2026-10-06T00:25:00Z,SOLAR1,532.2,2.71,133305,4.68,-4.33,-1.57,0.88
2026-10-06T00:26:00Z,SOLAR1,528.5,2.63,130638,4.71,-4.28,-1.73,0.96
2026-10-06T00:27:00Z,SOLAR1,518.82,2.3,63807,4.71,-4.37,-1.53,0.83
2026-10-06T00:28:00Z,SOLAR1,529.8,2.59,133354,4.69,-4.36,-1.5,0.85
2026-10-06T00:29:00Z,SOLAR1,525.4,2.6,148934,4.65,-4.38,-0.85,0.82
2026-10-06T00:30:00Z,SOLAR1,517.3,2.47,56215,4.63,-4.51,-0.07,1.02
2026-10-06T00:31:00Z,SOLAR1,523.7,2.51,129608,4.63,-4.53,-0.55,0.79
2026-10-06T00:32:00Z,SOLAR1,524.7,2.51,136215,4.7,-4.59,-0.95,-0.03
2026-10-06T00:33:00Z,SOLAR1,519.87,2.31,76415,4.67,-4.55,-0.89,0.35
2026-10-06T00:34:00Z,SOLAR1,521.8,2.46,136336,4.67,-4.47,-1.16,0.57
2026-10-06T00:35:00Z,SOLAR1,526.4,2.68,140558,4.65,-4.5,-1.11,0.15
2026-10-06T00:36:00Z,SOLAR1,525.1,2.55,145591,4.61,-4.38,-1.22,0.51
2026-10-06T00:37:00Z,SOLAR1,525.3,2.8,138813,4.61,-4.2,-1.16,-0.97
2026-10-06T00:38:00Z,SOLAR1,525.8,3.07,153019,4.61,-4.06,-0.15,-2.14
2026-10-06T00:39:00Z,SOLAR1,526.5,2.81,142348,4.47,-3.43,0.1,-2.75
2026-10-06T00:40:00Z,SOLAR1,523.5,2.82,150085,4.53,-3.97,-0.1,-2.16
2026-10-06T00:41:00Z,SOLAR1,525.3,3.11,147408,4.51,-4.11,0.08,-1.83
2026-10-06T00:42:00Z,SOLAR1,525.1,2.71,155695,4.52,-4.22,0.03,-0.5
2026-10-06T00:43:00Z,SOLAR1,522.2,2.67,151121,4.5,-4.44,0.01,0.5
2026-10-06T00:44:00Z,SOLAR1,522.0,2.81,150014,4.5,-4.38,-0.16,0.9
2026-10-06T00:45:00Z,SOLAR1,527.0,2.59,154265,4.51,-4.47,-0.23,0.34
2026-10-06T00:46:00Z,SOLAR1,520.7,2.76,152276,4.46,-4.33,0.02,-0.23
2026-10-06T00:47:00Z,SOLAR1,519.2,2.62,177661,4.45,-4.41,0.3,-0.06
2026-10-06T00:48:00Z,SOLAR1,519.8,2.7,147981,4.52,-4.43,0.46,-0.6
2026-10-06T00:49:00Z,SOLAR1,520.2,2.55,151584,4.49,-4.41,0.35,-0.02
2026-10-06T00:50:00Z,SOLAR1,521.2,2.68,146775,4.47,-4.44,-0.11,0.17
2026-10-06T00:51:00Z,SOLAR1,524.5,3.1,132667,4.48,-4.41,0.49,-0.02
2026-10-06T00:52:00Z,SOLAR1,534.2,3.88,130872,4.58,-3.74,1.67,-1.96
2026-10-06T00:53:00Z,SOLAR1,532.3,3.54,132077,4.61,-2.8,2.55,-2.6
2026-10-06T00:54:00Z,SOLAR1,531.9,3.64,144588,4.67,-2.62,2.79,-2.68
2026-10-06T00:55:00Z,SOLAR1,533.4,3.52,128919,4.66,-2.69,2.89,-2.46
2026-10-06T00:56:00Z,SOLAR1,529.2,3.4,131719,4.67,-2.54,3.0,-2.43
2026-10-06T00:57:00Z,SOLAR1,522.2,2.62,149143,4.6,-3.47,2.48,-1.35
2026-10-06T00:58:00Z,SOLAR1,516.8,2.51,205388,4.63,-4.22,0.73,-1.6
2026-10-06T00:59:00Z,SOLAR1,518.0,2.57,150234,4.67,-4.01,1.39,-1.91
2026-10-06T01:00:00Z,SOLAR1,521.7,2.36,158349,4.68,-4.22,0.73,-1.82
2026-10-06T01:01:00Z,SOLAR1,521.3,2.65,143299,4.69,-3.03,2.06,-2.59
2026-10-06T01:02:00Z,SOLAR1,523.9,2.9,145476,4.7,-4.14,1.24,-1.75
2026-10-06T01:03:00Z,SOLAR1,523.5,2.93,141971,4.68,-3.63,1.59,-2.48
2026-10-06T01:04:00Z,SOLAR1,522.9,3.36,144778,4.67,-3.65,1.52,-2.46
2026-10-06T01:05:00Z,SOLAR1,522.1,2.94,153322,4.7,-3.6,1.7,-2.46
2026-10-06T01:06:00Z,SOLAR1,522.9,2.84,139975,4.68,-3.86,1.39,-2.23
2026-10-06T01:07:00Z,SOLAR1,517.8,2.75,146268,4.68,-4.01,1.39,-1.92
2026-10-06T01:08:00Z,SOLAR1,517.1,2.59,146278,4.66,-4.31,0.87,-1.54
2026-10-06T01:09:00Z,SOLAR1,519.4,2.71,138852,4.63,-4.34,0.91,-1.29
2026-10-06T01:10:00Z,SOLAR1,518.9,2.45,173131,4.64,-4.53,0.24,-0.9
2026-10-06T01:11:00Z,SOLAR1,519.9,2.52,142679,4.63,-4.59,-0.25,0.2
2026-10-06T01:12:00Z,SOLAR1,518.9,2.53,144339,4.59,-4.57,-0.19,0.27
2026-10-06T01:13:00Z,SOLAR1,521.3,2.58,138987,4.6,-4.53,-0.35,0.37
2026-10-06T01:14:00Z,SOLAR1,524.3,2.54,155175,4.57,-4.48,-0.42,0.59
2026-10-06T01:15:00Z,SOLAR1,523.5,2.61,142056,4.6,-4.34,-0.67,0.85
2026-10-06T01:16:00Z,SOLAR1,525.8,2.75,141520,4.57,-4.37,-0.99,0.66
2026-10-06T01:17:00Z,SOLAR1,527.0,2.68,137644,4.59,-4.3,-1.4,-0.72
2026-10-06T01:18:00Z,SOLAR1,529.9,2.82,141367,4.56,-4.27,-1.44,0.55
2026-10-06T01:19:00Z,SOLAR1,522.0,2.52,144894,4.53,-4.14,-1.51,0.9
2026-10-06T01:20:00Z,SOLAR1,525.5,2.66,162520,4.57,-4.34,-1.22,0.51
2026-10-06T01:21:00Z,SOLAR1,522.0,2.57,151712,4.56,-4.08,-1.86,0.73
2026-10-06T01:22:00Z,SOLAR1,518.2,2.43,157508,4.6,-4.37,-1.32,0.21
2026-10-06T01:23:00Z,SOLAR1,523.3,2.47,160672,4.62,-3.75,-0.38,-2.07
2026-10-06T01:24:00Z,SOLAR1,524.2,2.64,145310,4.62,-4.12,-1.12,-1.74
2026-10-06T01:25:00Z,SOLAR1,521.0,2.55,146932,4.62,-4.21,-1.33,-1.29
2026-10-06T01:26:00Z,SOLAR1,517.6,2.45,156703,4.63,-4.35,-1.39,-0.68
2026-10-06T01:27:00Z,SOLAR1,517.1,2.41,149845,4.67,-4.47,-0.61,-1.0
2026-10-06T01:28:00Z,SOLAR1,517.6,2.46,146709,4.71,-4.41,-0.16,-1.45
2026-10-06T01:29:00Z,SOLAR1,525.9,3.3,138903,4.74,-3.98,0.58,-2.46
2026-10-06T01:30:00Z,SOLAR1,521.9,3.05,150671,4.72,-3.73,1.3,-2.54
2026-10-06T01:31:00Z,SOLAR1,522.2,2.81,143306,4.69,-2.88,2.07,-2.8
2026-10-06T01:32:00Z,SOLAR1,540.9,3.25,134408,4.7,-2.71,1.68,-3.21
2026-10-06T01:33:00Z,SOLAR1,525.6,2.73,137944,4.76,-1.77,1.39,-4.12
2026-10-06T01:34:00Z,SOLAR1,521.8,2.95,131372,4.73,-3.22,1.44,-3.14
2026-10-06T01:35:00Z,SOLAR1,520.4,3.02,129159,4.69,-3.78,1.84,-1.83
2026-10-06T01:36:00Z,SOLAR1,528.1,3.12,141809,4.68,-3.59,1.55,-2.13
2026-10-06T01:37:00Z,SOLAR1,521.9,2.61,184340,4.68,-3.01,1.59,-3.16
2026-10-06T01:38:00Z,SOLAR1,519.1,3.08,136106,4.64,-3.29,2.35,-1.8
2026-10-06T01:39:00Z,SOLAR1,516.3,2.75,147460,4.69,-3.9,2.06,-1.49
2026-10-06T01:40:00Z,SOLAR1,515.1,2.39,156213,4.73,-4.05,1.14,-2.11
2026-10-06T01:41:00Z,SOLAR1,514.5,2.31,154823,4.69,-4.4,0.64,-1.42
2026-10-06T01:42:00Z,SOLAR1,515.5,2.45,156470,4.74,-4.55,0.07,-1.31
2026-10-06T01:43:00Z,SOLAR1,514.6,2.39,151097,4.73,-4.54,-0.07,-1.3
2026-10-06T01:44:00Z,SOLAR1,513.1,2.33,157329,4.74,-4.58,0.06,-1.16
2026-10-06T01:45:00Z,SOLAR1,515.5,2.49,154824,4.69,-4.63,0.09,-0.66
2026-10-06T01:46:00Z,SOLAR1,515.2,2.45,169522,4.75,-4.34,0.76,-1.75
2026-10-06T01:47:00Z,SOLAR1,513.7,2.57,156702,4.71,-4.26,0.27,-1.93
2026-10-06T01:48:00Z,SOLAR1,515.5,2.43,153070,4.68,-4.5,-0.12,-1.28
2026-10-06T01:49:00Z,SOLAR1,514.7,2.47,152255,4.69,-4.46,-0.32,-1.36
2026-10-06T01:50:00Z,SOLAR1,518.3,2.43,160489,4.67,-4.4,-0.33,-1.52
2026-10-06T01:51:00Z,SOLAR1,519.3,2.45,155994,4.69,-4.29,-1.02,-1.52
2026-10-06T01:52:00Z,SOLAR1,515.8,2.4,164200,4.68,-3.98,-1.08,-2.21
2026-10-06T01:53:00Z,SOLAR1,514.6,2.64,172162,4.66,-4.36,-0.51,-1.45
2026-10-06T01:54:00Z,SOLAR1,540.7,3.68,134638,4.68,-2.28,1.3,-2.3
2026-10-06T01:55:00Z,SOLAR1,535.4,3.73,137858,4.72,-1.93,2.26,-3.65
2026-10-06T01:56:00Z,SOLAR1,541.5,3.96,137398,4.7,-1.7,2.35,-3.66
2026-10-06T01:57:00Z,SOLAR1,515.6,2.21,164230,4.69,-2.2,2.32,-3.36
2026-10-06T01:58:00Z,SOLAR1,512.6,2.43,159144,4.65,-4.43,0.71,-1.09
2026-10-06T01:59:00Z,SOLAR1,513.2,2.54,154356,4.64,-4.57,0.35,-0.53
2026-10-06T02:00:00Z,SOLAR1,512.2,2.36,189720,4.64,-4.51,0.47,-0.94
2026-10-06T02:01:00Z,SOLAR1,515.6,2.37,163549,4.66,-4.49,0.21,-1.19
2026-10-06T02:02:00Z,SOLAR1,513.4,2.69,147702,4.61,-4.54,0.06,-0.63
2026-10-06T02:03:00Z,SOLAR1,518.8,2.98,142040,4.63,-4.05,1.97,-0.57
2026-10-06T02:04:00Z,SOLAR1,523.8,3.18,139146,4.63,-3.79,2.4,-1.01
2026-10-06T02:05:00Z,SOLAR1,524.9,3.26,133281,4.68,-2.64,2.55,-2.78
2026-10-06T02:06:00Z,SOLAR1,519.2,2.95,137549,4.68,-2.47,2.9,-2.71
2026-10-06T02:07:00Z,SOLAR1,514.9,2.71,140605,4.69,-3.89,2.21,-1.43
2026-10-06T02:08:00Z,SOLAR1,528.12,2.59,119109,4.67,-4.08,2.24,0.29
2026-10-06T02:09:00Z,SOLAR1,509.6,2.43,150490,4.72,-4.16,2.16,0.09
2026-10-06T02:10:00Z,SOLAR1,509.1,2.53,146916,4.74,-4.54,0.97,-0.93
2026-10-06T02:11:00Z,SOLAR1,503.97,2.3,60852,4.74,-4.54,0.17,-1.23
2026-10-06T02:12:00Z,SOLAR1,512.5,2.52,150642,4.74,-4.38,-0.99,-1.29
2026-10-06T02:13:00Z,SOLAR1,524.2,2.83,139335,4.74,-4.22,0.08,-2.12
2026-10-06T02:14:00Z,SOLAR1,503.71,2.33,60326,4.75,-3.31,1.4,-3.05
2026-10-06T02:15:00Z,SOLAR1,533.7,3.72,129532,4.75,-2.47,2.22,-3.35
2026-10-06T02:16:00Z,SOLAR1,516.5,3.05,143206,4.74,-2.79,2.62,-2.41
2026-10-06T02:17:00Z,SOLAR1,526.6,3.38,145060,4.69,-3.71,2.37,-1.54
2026-10-06T02:18:00Z,SOLAR1,531.3,3.81,137410,4.74,-2.73,2.24,-2.94
2026-10-06T02:19:00Z,SOLAR1,541.2,3.96,127574,4.74,-2.3,3.0,-2.67
2026-10-06T02:20:00Z,SOLAR1,533.8,3.37,126929,4.69,-1.08,2.99,-3.36
2026-10-06T02:21:00Z,SOLAR1,554.1,3.65,128942,4.68,-1.36,2.68,-3.55
2026-10-06T02:22:00Z,SOLAR1,533.1,3.46,139807,4.67,-1.38,2.37,-3.59
2026-10-06T02:23:00Z,SOLAR1,532.7,3.0,150078,4.64,-2.28,1.89,-3.53
2026-10-06T02:24:00Z,SOLAR1,514.7,2.74,160824,4.59,-2.88,0.06,-3.36
2026-10-06T02:25:00Z,SOLAR1,518.4,2.82,179478,4.5,-4.2,0.91,1.07
2026-10-06T02:26:00Z,SOLAR1,514.3,2.61,150807,4.49,-4.11,0.89,1.47
2026-10-06T02:27:00Z,SOLAR1,508.51,1.99,81896,4.59,-4.47,0.52,0.36
2026-10-06T02:28:00Z,SOLAR1,521.9,2.52,152017,4.58,-4.33,1.01,-0.83
2026-10-06T02:29:00Z,SOLAR1,523.0,2.81,139961,4.45,-4.02,0.81,1.6
2026-10-06T02:30:00Z,SOLAR1,510.4,1.99,85901,4.48,-3.67,0.84,2.4
2026-10-06T02:31:00Z,SOLAR1,520.4,2.79,139692,4.56,-4.21,0.29,1.15
2026-10-06T02:32:00Z,SOLAR1,515.7,2.73,141266,4.66,-4.44,0.08,1.37
2026-10-06T02:33:00Z,SOLAR1,518.6,2.61,140636,4.67,-4.46,0.16,1.31
2026-10-06T02:34:00Z,SOLAR1,523.4,2.7,145108,4.66,-4.39,0.37,1.46
2026-10-06T02:35:00Z,SOLAR1,518.2,2.63,172605,4.63,-4.13,0.37,2.03
2026-10-06T02:36:00Z,SOLAR1,515.8,2.75,136940,4.65,-4.19,0.56,1.91
2026-10-06T02:37:00Z,SOLAR1,514.3,2.73,139742,4.69,-4.33,1.23,1.26
2026-10-06T02:38:00Z,SOLAR1,514.1,2.86,136785,4.71,-4.38,1.28,1.11
2026-10-06T02:39:00Z,SOLAR1,515.3,2.83,143306,4.69,-4.34,1.6,0.75
2026-10-06T02:40:00Z,SOLAR1,523.1,2.56,146865,4.66,-4.41,1.32,0.54
2026-10-06T02:41:00Z,SOLAR1,513.3,2.78,138836,4.65,-4.45,0.33,0.69
2026-10-06T02:42:00Z,SOLAR1,513.6,2.86,135456,4.66,-4.57,0.77,0.32
2026-10-06T02:43:00Z,SOLAR1,511.2,2.77,141221,4.7,-4.4,1.62,0.06
2026-10-06T02:44:00Z,SOLAR1,510.1,2.67,139197,4.7,-4.59,0.92,-0.13
2026-10-06T02:45:00Z,SOLAR1,510.4,2.71,142324,4.73,-4.68,0.46,-0.46
2026-10-06T02:46:00Z,SOLAR1,509.5,2.73,136723,4.68,-4.64,0.5,-0.37
2026-10-06T02:47:00Z,SOLAR1,511.3,2.8,142358,4.7,-4.54,1.21,-0.24
2026-10-06T02:48:00Z,SOLAR1,513.5,2.99,133002,4.7,-4.49,1.32,0.0
2026-10-06T02:49:00Z,SOLAR1,512.3,2.91,133581,4.73,-4.32,1.83,-0.57
2026-10-06T02:50:00Z,SOLAR1,513.2,3.0,135507,4.74,-4.39,1.54,-0.84
2026-10-06T02:51:00Z,SOLAR1,516.1,3.12,132250,4.76,-4.25,1.77,-1.2
2026-10-06T02:52:00Z,SOLAR1,514.7,3.1,131873,4.76,-4.09,1.86,-1.57
2026-10-06T02:53:00Z,SOLAR1,511.1,2.82,139108,4.73,-4.07,1.63,-1.77
2026-10-06T02:54:00Z,SOLAR1,512.4,2.92,137307,4.7,-4.44,1.15,-0.68
2026-10-06T02:55:00Z,SOLAR1,509.6,2.74,141872,4.71,-4.38,1.28,-1.1
2026-10-06T02:56:00Z,SOLAR1,510.4,2.63,142327,4.74,-4.42,1.1,-1.28
2026-10-06T02:57:00Z,SOLAR1,509.9,2.61,141114,4.68,-4.49,0.08,-1.19
2026-10-06T02:58:00Z,SOLAR1,510.9,2.71,141472,4.64,-4.45,0.2,-1.17
2026-10-06T02:59:00Z,SOLAR1,510.1,2.36,150918,4.54,-4.34,0.01,-1.16
2026-10-06T03:00:00Z,SOLAR1,511.0,2.54,147570,4.51,-4.4,-0.42,-0.74
2026-10-06T03:01:00Z,SOLAR1,508.1,2.49,177467,4.45,-4.38,-0.33,-0.14
2026-10-06T03:02:00Z,SOLAR1,514.6,2.74,144342,4.42,-4.33,-0.12,0.18
2026-10-06T03:03:00Z,SOLAR1,512.5,2.49,146515,4.46,-4.42,-0.32,0.24
2026-10-06T03:04:00Z,SOLAR1,510.4,2.85,163584,4.53,-4.44,0.47,0.43
2026-10-06T03:05:00Z,SOLAR1,510.7,2.46,144591,4.47,-4.4,-0.46,-0.16
2026-10-06T03:06:00Z,SOLAR1,511.0,2.8,148130,4.45,-4.28,0.48,-0.7
2026-10-06T03:07:00Z,SOLAR1,512.1,3.04,141303,4.54,-4.18,1.52,-0.85
2026-10-06T03:08:00Z,SOLAR1,510.7,2.85,141782,4.63,-4.25,1.41,-1.08
2026-10-06T03:09:00Z,SOLAR1,514.6,3.04,143331,4.65,-4.03,1.58,-1.64
2026-10-06T03:10:00Z,SOLAR1,510.1,2.81,154483,4.67,-3.85,1.13,-2.01
2026-10-06T03:11:00Z,SOLAR1,512.1,2.65,153699,4.62,-4.27,0.74,-1.54
2026-10-06T03:12:00Z,SOLAR1,518.0,3.3,125697,4.62,-3.97,0.69,-1.67
2026-10-06T03:13:00Z,SOLAR1,511.5,2.8,157025,4.65,-3.55,2.59,-1.52
2026-10-06T03:14:00Z,SOLAR1,508.9,2.53,139691,4.63,-4.1,1.62,-1.11
2026-10-06T03:15:00Z,SOLAR1,518.9,3.42,130529,4.61,-3.93,1.41,-1.18
2026-10-06T03:16:00Z,SOLAR1,517.4,3.2,128566,4.62,-3.01,3.13,-1.53
2026-10-06T03:17:00Z,SOLAR1,524.9,3.8,129342,4.62,-3.09,3.07,-1.53
2026-10-06T03:18:00Z,SOLAR1,521.4,3.52,130274,4.63,-2.69,3.33,-1.52
2026-10-06T03:19:00Z,SOLAR1,513.5,3.08,140116,4.65,-3.02,3.09,-1.5
2026-10-06T03:20:00Z,SOLAR1,525.4,4.21,148060,4.57,-3.99,1.72,-1.3
2026-10-06T03:21:00Z,SOLAR1,525.9,3.65,126621,4.39,-2.7,3.08,-1.45
2026-10-06T03:22:00Z,SOLAR1,533.2,4.08,125784,4.6,-2.11,3.62,-1.56
2026-10-06T03:23:00Z,SOLAR1,527.2,4.13,132130,4.69,-1.49,3.93,-2.01
2026-10-06T03:24:00Z,SOLAR1,522.6,3.75,127920,4.73,-2.55,3.35,-2.1
2026-10-06T03:25:00Z,SOLAR1,524.1,3.87,131505,4.72,-2.7,3.15,-2.24
2026-10-06T03:26:00Z,SOLAR1,521.6,3.68,129158,4.69,-2.44,3.44,-2.07
2026-10-06T03:27:00Z,SOLAR1,516.2,3.35,135460,4.6,-2.23,3.31,-2.14
2026-10-06T03:28:00Z,SOLAR1,511.4,3.17,134607,4.7,-3.1,2.75,-1.8
2026-10-06T03:29:00Z,SOLAR1,507.8,2.64,168209,4.61,-4.1,1.91,-0.02
2026-10-06T03:30:00Z,SOLAR1,509.7,2.78,149974,4.62,-4.41,1.23,-0.18
2026-10-06T03:31:00Z,SOLAR1,514.59,2.57,94516,4.63,-4.09,1.77,-1.23
2026-10-06T03:32:00Z,IMAP,508.86,2.49,80059,4.96,-4.18,1.9,-1.67
2026-10-06T03:33:00Z,SOLAR1,510.6,2.86,154815,4.56,-3.95,1.9,-0.97
2026-10-06T03:34:00Z,SOLAR1,519.7,3.11,132270,4.65,-4.03,2.0,0.85
2026-10-06T03:35:00Z,SOLAR1,530.6,4.13,130915,4.68,-3.11,3.41,0.48
2026-10-06T03:36:00Z,SOLAR1,518.2,3.28,129581,4.67,-3.02,3.41,-0.24
2026-10-06T03:37:00Z,SOLAR1,520.1,3.69,129718,4.78,-3.38,3.35,0.19
2026-10-06T03:38:00Z,SOLAR1,530.1,4.2,133547,4.78,-2.9,3.71,-0.31
2026-10-06T03:39:00Z,SOLAR1,518.0,3.63,145342,4.74,-2.22,3.91,-1.45
2026-10-06T03:40:00Z,SOLAR1,512.9,3.39,130901,4.76,-2.73,3.45,-1.77
2026-10-06T03:41:00Z,SOLAR1,521.7,3.77,135884,4.68,-3.05,2.98,-1.75
2026-10-06T03:42:00Z,SOLAR1,514.9,3.28,136365,4.68,-3.25,2.28,-2.37
2026-10-06T03:43:00Z,SOLAR1,515.84,2.68,95257,4.69,-3.6,2.3,-1.95
2026-10-06T03:44:00Z,SOLAR1,518.3,3.75,140915,4.74,-3.7,2.68,-1.17
2026-10-06T03:45:00Z,SOLAR1,523.8,3.88,128020,4.73,-3.28,2.9,-1.66
2026-10-06T03:46:00Z,SOLAR1,504.86,2.52,77346,4.76,-2.57,3.08,-2.56
2026-10-06T03:47:00Z,SOLAR1,519.7,3.64,129806,4.74,-2.8,2.92,-2.45
2026-10-06T03:48:00Z,SOLAR1,516.7,3.49,124100,4.74,-2.98,2.4,-2.78
2026-10-06T03:49:00Z,SOLAR1,520.28,2.45,121866,4.69,-2.51,3.18,-2.26
2026-10-06T03:50:00Z,SOLAR1,519.7,3.53,128833,4.72,-2.62,2.99,-2.47
2026-10-06T03:51:00Z,SOLAR1,526.7,4.05,123828,4.73,-2.62,3.2,-1.66
2026-10-06T03:52:00Z,SOLAR1,513.63,2.52,93605,4.69,-1.95,4.11,-1.07
2026-10-06T03:53:00Z,SOLAR1,510.0,2.9,149875,4.66,-3.69,1.2,-2.28
2026-10-06T03:54:00Z,SOLAR1,508.3,2.81,152836,4.63,-4.13,0.65,-1.97
2026-10-06T03:55:00Z,SOLAR1,509.7,2.95,148973,4.64,-4.09,0.83,-2.01
2026-10-06T03:56:00Z,SOLAR1,506.3,2.6,153016,4.67,-4.14,0.46,-1.99
2026-10-06T03:57:00Z,SOLAR1,505.4,2.43,154729,4.69,-4.33,-0.13,-1.76
2026-10-06T03:58:00Z,SOLAR1,498.06,2.45,60054,4.72,-4.46,0.28,-1.47
2026-10-06T03:59:00Z,SOLAR1,506.6,2.65,149933,4.72,-4.44,0.35,-1.53
2026-10-06T04:00:00Z,SOLAR1,503.5,2.76,140576,4.7,-4.41,0.33,-1.55
2026-10-06T04:01:00Z,SOLAR1,504.9,2.52,158391,4.69,-4.49,0.98,-0.85
2026-10-06T04:02:00Z,SOLAR1,504.0,2.62,150046,4.7,-4.61,0.49,-0.71
2026-10-06T04:03:00Z,SOLAR1,503.5,2.62,155941,4.69,-4.49,0.69,-1.13
2026-10-06T04:04:00Z,SOLAR1,502.9,2.57,148123,4.71,-4.58,0.59,-0.82
2026-10-06T04:05:00Z,SOLAR1,502.0,2.4,144422,4.69,-4.58,0.61,-0.78
2026-10-06T04:06:00Z,SOLAR1,502.8,2.48,146572,4.72,-4.65,0.05,-0.62
2026-10-06T04:07:00Z,SOLAR1,503.1,2.38,142284,4.67,-4.58,-0.17,-0.86
2026-10-06T04:08:00Z,SOLAR1,502.9,2.46,142515,4.68,-4.6,-0.29,-0.79
2026-10-06T04:09:00Z,SOLAR1,503.4,2.48,140803,4.72,-4.59,-0.39,-0.97
2026-10-06T04:10:00Z,SOLAR1,506.2,2.55,143965,4.77,-4.63,-0.53,-0.93
2026-10-06T04:11:00Z,SOLAR1,503.3,2.25,80125,4.79,-4.57,-1.18,-0.79
2026-10-06T04:12:00Z,SOLAR1,509.1,2.65,136291,4.83,-4.48,-1.67,-0.69
2026-10-06T04:13:00Z,SOLAR1,509.9,2.66,136844,4.82,-4.33,-2.0,-0.67
2026-10-06T04:14:00Z,SOLAR1,502.09,2.12,78921,4.83,-4.25,-2.18,-0.69
2026-10-06T04:15:00Z,SOLAR1,507.1,2.66,156737,4.8,-4.14,-2.36,-0.58
2026-10-06T04:16:00Z,SOLAR1,511.0,2.7,136711,4.81,-4.27,-2.18,-0.38
2026-10-06T04:17:00Z,SOLAR1,512.44,2.4,95817,4.82,-4.25,-2.23,-0.13
2026-10-06T04:18:00Z,SOLAR1,516.7,2.86,128575,4.8,-4.15,-2.4,0.21
2026-10-06T04:19:00Z,SOLAR1,517.3,3.72,123662,4.69,-3.42,0.27,-0.81
2026-10-06T04:20:00Z,SOLAR1,502.99,2.76,79132,4.72,-2.79,3.1,-2.2
2026-10-06T04:21:00Z,SOLAR1,513.9,3.48,125084,4.75,-2.98,2.74,-2.42
2026-10-06T04:22:00Z,SOLAR1,497.42,2.55,60834,4.71,-3.36,2.33,-2.23
2026-10-06T04:23:00Z,SOLAR1,506.9,3.1,128839,4.71,-3.65,2.27,-1.93
2026-10-06T04:24:00Z,SOLAR1,508.5,3.14,134880,4.76,-3.62,2.15,-2.14
2026-10-06T04:25:00Z,SOLAR1,504.7,2.66,140307,4.75,-4.27,0.09,-1.98
2026-10-06T04:26:00Z,SOLAR1,503.5,2.6,165348,4.75,-4.28,0.23,-1.96
2026-10-06T04:27:00Z,SOLAR1,503.7,2.45,143880,4.76,-4.3,-0.34,-1.98
2026-10-06T04:28:00Z,SOLAR1,504.6,2.53,143455,4.74,-4.29,-0.55,-1.9
2026-10-06T04:29:00Z,SOLAR1,504.4,2.4,150791,4.75,-4.33,-0.51,-1.83
2026-10-06T04:30:00Z,SOLAR1,505.0,2.5,144879,4.72,-3.85,0.91,-1.73
2026-10-06T04:31:00Z,SOLAR1,507.9,3.05,148304,4.74,-3.52,2.37,-1.87
2026-10-06T04:32:00Z,SOLAR1,507.4,2.92,132793,4.69,-3.62,1.92,-2.26
2026-10-06T04:33:00Z,SOLAR1,502.3,2.75,174046,4.76,-3.69,1.52,-2.6
2026-10-06T04:34:00Z,SOLAR1,505.1,2.53,141553,4.77,-3.81,0.09,-2.71
2026-10-06T04:35:00Z,SOLAR1,503.4,2.47,149344,4.81,-4.13,-1.32,-2.04
2026-10-06T04:36:00Z,SOLAR1,502.3,2.49,146674,4.75,-4.24,0.06,-2.01
2026-10-06T04:37:00Z,SOLAR1,502.1,2.5,144627,4.79,-4.3,0.19,-1.92
2026-10-06T04:38:00Z,SOLAR1,502.0,2.65,131235,4.76,-4.26,0.98,-1.75
2026-10-06T04:39:00Z,SOLAR1,503.2,2.98,125370,4.73,-4.05,1.82,-1.62
2026-10-06T04:40:00Z,SOLAR1,499.7,2.64,133513,4.74,-4.46,1.12,-1.09
2026-10-06T04:41:00Z,SOLAR1,498.7,2.48,141025,4.74,-4.68,0.45,-0.55
2026-10-06T04:42:00Z,SOLAR1,500.0,2.43,139380,4.73,-4.73,0.06,-0.24
2026-10-06T04:43:00Z,SOLAR1,499.4,2.39,142428,4.73,-4.72,-0.13,-0.27
2026-10-06T04:44:00Z,SOLAR1,499.1,2.4,137216,4.72,-4.68,-0.2,-0.59
2026-10-06T04:45:00Z,SOLAR1,499.8,2.41,131842,4.74,-4.68,-0.32,-0.62
2026-10-06T04:46:00Z,SOLAR1,501.5,2.33,143137,4.71,-4.68,-0.44,-0.09
2026-10-06T04:47:00Z,SOLAR1,501.0,2.51,143060,4.74,-4.48,0.05,-1.53
2026-10-06T04:48:00Z,SOLAR1,502.1,2.6,142923,4.81,-4.45,0.35,-1.78
2026-10-06T04:49:00Z,SOLAR1,500.2,2.54,161470,4.79,-4.62,0.38,-1.05
2026-10-06T04:50:00Z,SOLAR1,500.5,2.47,139825,4.79,-4.76,-0.18,-0.33
2026-10-06T04:51:00Z,SOLAR1,501.8,2.53,147111,4.7,-4.53,-0.53,-1.06
2026-10-06T04:52:00Z,SOLAR1,499.2,2.5,145335,4.7,-4.59,-0.32,-0.86
2026-10-06T04:53:00Z,SOLAR1,498.5,2.43,141777,4.7,-4.6,0.07,-0.92
2026-10-06T04:54:00Z,SOLAR1,499.9,2.54,134963,4.74,-4.55,0.16,-1.34
2026-10-06T04:55:00Z,SOLAR1,501.1,2.53,138734,4.75,-4.51,0.04,-1.48
2026-10-06T04:56:00Z,SOLAR1,499.3,2.49,150533,4.71,-4.51,0.13,-1.26
2026-10-06T04:57:00Z,SOLAR1,501.4,2.46,145650,4.7,-4.57,-1.01,-0.23
2026-10-06T04:58:00Z,SOLAR1,503.9,2.53,140331,4.67,-4.46,-1.35,-0.04
2026-10-06T04:59:00Z,SOLAR1,500.5,2.47,143676,4.71,-4.47,-0.72,-1.12
2026-10-06T05:00:00Z,SOLAR1,498.5,2.56,155696,4.72,-4.42,0.05,-1.61
2026-10-06T05:01:00Z,SOLAR1,498.6,2.5,137684,4.74,-4.47,-0.04,-1.55
2026-10-06T05:02:00Z,SOLAR1,502.4,2.49,142529,4.71,-4.53,-0.76,-0.99
2026-10-06T05:03:00Z,SOLAR1,506.5,2.66,147472,4.71,-4.46,-1.32,-0.52
2026-10-06T05:04:00Z,SOLAR1,505.3,2.7,140461,4.69,-4.45,-1.27,-0.73
2026-10-06T05:05:00Z,SOLAR1,503.3,2.5,138361,4.69,-4.47,-1.18,-0.74
2026-10-06T05:06:00Z,SOLAR1,506.0,2.61,141782,4.68,-4.41,-1.45,-0.58
2026-10-06T05:07:00Z,SOLAR1,504.3,2.42,143886,4.68,-4.41,-1.28,-0.77
2026-10-06T05:08:00Z,SOLAR1,500.8,2.47,147081,4.69,-4.47,-0.75,-1.19
2026-10-06T05:09:00Z,SOLAR1,502.6,2.49,143771,4.67,-4.43,-1.09,-0.97
2026-10-06T05:10:00Z,SOLAR1,500.3,2.42,143714,4.69,-4.41,-1.14,-1.09
2026-10-06T05:11:00Z,SOLAR1,503.0,2.5,145056,4.7,-4.35,-1.26,-1.22
2026-10-06T05:12:00Z,SOLAR1,502.4,2.5,142359,4.69,-4.37,-1.41,-0.95
2026-10-06T05:13:00Z,SOLAR1,504.8,2.54,145519,4.71,-4.28,-1.54,-1.15
2026-10-06T05:14:00Z,SOLAR1,501.8,2.44,140817,4.7,-4.33,-1.36,-1.18
2026-10-06T05:15:00Z,SOLAR1,506.0,2.62,139778,4.7,-4.29,-1.66,-0.89
2026-10-06T05:16:00Z,SOLAR1,502.8,2.43,141098,4.71,-4.46,-1.32,-0.66
2026-10-06T05:17:00Z,SOLAR1,499.6,2.56,135512,4.7,-4.51,-1.21,-0.31
2026-10-06T05:18:00Z,SOLAR1,507.7,2.58,149423,4.62,-4.47,-0.83,0.18
2026-10-06T05:19:00Z,SOLAR1,503.4,2.53,158062,4.6,-4.43,0.5,0.37
2026-10-06T05:20:00Z,SOLAR1,504.2,2.68,146415,4.64,-4.34,-1.52,-0.34
2026-10-06T05:21:00Z,SOLAR1,502.5,2.57,135455,4.73,-4.52,-1.24,-0.48
2026-10-06T05:22:00Z,SOLAR1,500.5,2.54,134625,4.73,-4.51,-1.16,-0.65
2026-10-06T05:23:00Z,SOLAR1,499.4,2.47,135589,4.77,-4.37,-1.32,-1.37
2026-10-06T05:24:00Z,SOLAR1,497.4,2.45,141601,4.77,-4.33,-1.32,-1.51
2026-10-06T05:25:00Z,SOLAR1,500.8,2.51,140179,4.76,-4.33,-1.32,-1.48
2026-10-06T05:26:00Z,SOLAR1,503.9,2.56,139829,4.74,-4.18,-1.63,-1.53
2026-10-06T05:27:00Z,SOLAR1,503.3,2.54,139594,4.72,-4.28,-1.48,-1.34
2026-10-06T05:28:00Z,SOLAR1,505.8,2.52,144651,4.75,-4.26,-1.5,-1.46
2026-10-06T05:29:00Z,SOLAR1,500.5,2.48,132866,4.72,-4.28,-1.28,-1.48
2026-10-06T05:30:00Z,SOLAR1,500.1,2.93,142808,4.51,-4.3,0.64,-0.66
2026-10-06T05:31:00Z,SOLAR1,501.7,2.6,157721,4.5,-4.19,-0.46,-1.38
2026-10-06T05:32:00Z,SOLAR1,504.4,2.51,146355,4.66,-4.24,-1.4,-1.21
2026-10-06T05:33:00Z,SOLAR1,507.6,2.67,132205,4.71,-4.14,-1.64,-1.34
2026-10-06T05:34:00Z,SOLAR1,502.2,2.46,139924,4.74,-4.4,-1.33,-1.14
2026-10-06T05:35:00Z,SOLAR1,504.2,2.55,147910,4.73,-4.43,-1.36,-0.93
2026-10-06T05:36:00Z,SOLAR1,500.6,2.56,135831,4.74,-4.49,-1.19,-0.91
2026-10-06T05:37:00Z,SOLAR1,500.4,2.6,144977,4.76,-4.54,-0.99,-0.99
2026-10-06T05:38:00Z,SOLAR1,497.6,2.52,156354,4.77,-4.6,-0.58,-1.12
2026-10-06T05:39:00Z,SOLAR1,497.6,2.62,140464,4.78,-4.47,-0.13,-1.59
2026-10-06T05:40:00Z,SOLAR1,498.7,2.69,133742,4.78,-4.43,-0.3,-1.76
2026-10-06T05:41:00Z,SOLAR1,498.8,2.62,140716,4.79,-4.4,-0.32,-1.84
2026-10-06T05:42:00Z,SOLAR1,498.5,2.49,141465,4.77,-4.34,-0.08,-1.98
2026-10-06T05:43:00Z,SOLAR1,497.9,2.67,141708,4.75,-4.21,0.21,-2.18
2026-10-06T05:44:00Z,SOLAR1,499.5,2.49,143056,4.74,-4.34,0.06,-1.76
2026-10-06T05:45:00Z,SOLAR1,497.1,2.45,147066,4.74,-4.49,0.02,-1.53
2026-10-06T05:46:00Z,SOLAR1,496.0,2.55,138903,4.74,-4.37,0.35,-1.76
2026-10-06T05:47:00Z,SOLAR1,501.8,2.57,141368,4.74,-4.41,-0.78,-1.54
2026-10-06T05:48:00Z,SOLAR1,499.1,2.49,146613,4.72,-4.45,-0.67,-1.39
2026-10-06T05:49:00Z,SOLAR1,498.5,2.53,144607,4.72,-4.53,-0.75,-1.1
2026-10-06T05:50:00Z,SOLAR1,496.8,2.49,142467,4.74,-4.55,-0.54,-1.21
2026-10-06T05:51:00Z,SOLAR1,498.3,2.51,141828,4.74,-4.4,-0.54,-1.63
2026-10-06T05:52:00Z,SOLAR1,498.5,2.55,148656,4.7,-4.18,-0.85,-1.87
2026-10-06T05:53:00Z,SOLAR1,501.5,2.75,145242,4.7,-3.94,-1.45,-2.06
2026-10-06T05:54:00Z,SOLAR1,501.3,2.55,146952,4.72,-4.15,-1.26,-1.78
2026-10-06T05:55:00Z,SOLAR1,499.7,2.62,142429,4.74,-3.99,-1.02,-2.3
2026-10-06T05:56:00Z,SOLAR1,504.2,2.74,142069,4.75,-3.62,-1.43,-2.65
2026-10-06T05:57:00Z,SOLAR1,506.4,2.66,135877,4.8,-3.26,-0.86,-3.4
2026-10-06T05:58:00Z,SOLAR1,506.9,2.74,144632,4.81,-3.4,-0.85,-3.27
2026-10-06T05:59:00Z,SOLAR1,502.4,2.59,144351,4.81,-3.83,-1.13,-2.68
2026-10-06T06:00:00Z,SOLAR1,496.5,2.81,146969,4.75,-4.41,-0.85,-1.48
2026-10-06T06:01:00Z,SOLAR1,497.2,2.59,142447,4.72,-4.42,-0.99,-1.34
2026-10-06T06:02:00Z,SOLAR1,497.4,2.65,155496,4.74,-4.32,-0.69,-1.75
2026-10-06T06:03:00Z,SOLAR1,498.0,2.64,147777,4.74,-4.23,-0.41,-2.06
2026-10-06T06:04:00Z,SOLAR1,497.0,2.69,141018,4.75,-4.16,-0.66,-2.16
2026-10-06T06:05:00Z,SOLAR1,497.6,2.64,143443,4.77,-4.14,-0.84,-2.19
2026-10-06T06:06:00Z,SOLAR1,498.6,2.65,142758,4.74,-4.12,-0.69,-2.22
2026-10-06T06:07:00Z,SOLAR1,498.3,2.64,142468,4.75,-4.11,-0.73,-2.24
2026-10-06T06:08:00Z,SOLAR1,494.4,2.57,157665,4.74,-4.32,-0.58,-1.84
2026-10-06T06:09:00Z,SOLAR1,497.1,2.67,139616,4.76,-4.06,-0.27,-2.45
2026-10-06T06:10:00Z,SOLAR1,498.6,2.62,150230,4.77,-4.22,-0.69,-2.0
2026-10-06T06:11:00Z,SOLAR1,498.7,2.88,134750,4.79,-3.8,0.72,-2.83
2026-10-06T06:12:00Z,SOLAR1,495.6,2.58,138532,4.81,-3.96,0.61,-2.63
2026-10-06T06:13:00Z,SOLAR1,497.9,2.67,135547,4.83,-3.69,0.92,-2.92
2026-10-06T06:14:00Z,SOLAR1,506.9,3.01,133231,4.72,-3.9,-2.52,-0.86
2026-10-06T06:15:00Z,SOLAR1,506.6,3.39,134901,4.73,-3.84,-0.35,-2.04
2026-10-06T06:16:00Z,SOLAR1,498.3,2.77,144420,4.71,-4.1,-0.3,-2.28
2026-10-06T06:17:00Z,SOLAR1,495.3,2.7,142104,4.72,-4.28,0.03,-1.93
2026-10-06T06:18:00Z,SOLAR1,493.1,2.65,145696,4.71,-4.43,0.44,-1.53
2026-10-06T06:19:00Z,SOLAR1,493.5,2.78,140917,4.75,-4.32,0.65,-1.85
2026-10-06T06:20:00Z,SOLAR1,493.0,2.81,160081,4.77,-4.13,0.63,-2.28
2026-10-06T06:21:00Z,SOLAR1,496.3,2.66,147120,4.75,-4.27,0.06,-2.04
2026-10-06T06:22:00Z,SOLAR1,492.8,2.68,136611,4.75,-4.28,-0.15,-2.05
2026-10-06T06:23:00Z,SOLAR1,495.5,2.65,143821,4.74,-4.32,-0.34,-1.89
2026-10-06T06:24:00Z,SOLAR1,493.7,2.65,138235,4.77,-4.26,-0.01,-2.11
2026-10-06T06:25:00Z,SOLAR1,498.0,3.01,136666,4.78,-3.65,1.02,-2.9
2026-10-06T06:26:00Z,SOLAR1,500.1,3.22,133279,4.75,-3.55,1.36,-2.79
2026-10-06T06:27:00Z,SOLAR1,501.6,3.14,134264,4.75,-3.42,1.47,-2.94
2026-10-06T06:28:00Z,SOLAR1,497.1,2.63,140937,4.77,-3.46,1.12,-2.99
2026-10-06T06:29:00Z,SOLAR1,496.4,2.87,139250,4.75,-3.45,1.26,-2.88
2026-10-06T06:30:00Z,SOLAR1,504.9,3.45,125845,4.78,-2.92,2.15,-3.11
2026-10-06T06:31:00Z,SOLAR1,503.8,3.41,148859,4.81,-2.94,1.67,-3.38
2026-10-06T06:32:00Z,SOLAR1,506.8,3.45,130142,4.79,-2.68,1.83,-3.5
2026-10-06T06:33:00Z,SOLAR1,492.8,2.71,147258,4.73,-4.47,0.34,-1.38
2026-10-06T06:34:00Z,SOLAR1,492.8,2.72,138685,4.74,-4.54,0.15,-1.32
2026-10-06T06:35:00Z,SOLAR1,493.8,2.82,148127,4.72,-4.45,0.29,-1.52
2026-10-06T06:36:00Z,SOLAR1,493.3,2.74,141391,4.76,-4.52,0.33,-1.45
2026-10-06T06:37:00Z,SOLAR1,492.7,2.94,137650,4.74,-4.47,0.48,-1.47
2026-10-06T06:38:00Z,SOLAR1,493.0,2.8,143146,4.74,-4.39,0.58,-1.65
2026-10-06T06:39:00Z,SOLAR1,491.1,2.82,162258,4.75,-4.4,0.67,-1.65
2026-10-06T06:40:00Z,SOLAR1,494.2,2.76,146168,4.72,-4.38,0.94,-1.48
2026-10-06T06:41:00Z,SOLAR1,498.0,3.02,137482,4.73,-4.1,1.41,-1.82
2026-10-06T06:42:00Z,SOLAR1,497.4,3.07,142983,4.74,-4.13,1.79,-1.42
2026-10-06T06:43:00Z,SOLAR1,496.0,3.11,134933,4.77,-4.18,1.41,-1.82
2026-10-06T06:44:00Z,SOLAR1,493.4,3.03,169877,4.77,-4.3,1.09,-1.73
2026-10-06T06:45:00Z,SOLAR1,495.3,3.03,140388,4.74,-4.24,1.04,-1.84
2026-10-06T06:46:00Z,SOLAR1,495.5,3.0,144233,4.75,-4.26,1.02,-1.83
2026-10-06T06:47:00Z,SOLAR1,495.4,3.01,144853,4.75,-4.21,0.9,-1.99
2026-10-06T06:48:00Z,SOLAR1,494.7,2.86,146061,4.76,-4.23,0.88,-2.0
2026-10-06T06:49:00Z,SOLAR1,494.7,2.9,142021,4.77,-4.25,0.48,-2.1
2026-10-06T06:50:00Z,SOLAR1,494.9,2.88,144572,4.76,-4.27,0.8,-1.93
2026-10-06T06:51:00Z,SOLAR1,496.9,3.01,142319,4.72,-4.17,1.05,-1.95
2026-10-06T06:52:00Z,SOLAR1,496.7,2.97,147844,4.72,-4.15,0.88,-2.04
2026-10-06T06:53:00Z,SOLAR1,495.4,3.05,142680,4.73,-4.1,0.96,-2.16
2026-10-06T06:54:00Z,SOLAR1,494.2,3.07,161807,4.74,-4.14,0.86,-2.14
2026-10-06T06:55:00Z,SOLAR1,496.3,3.06,142570,4.74,-4.05,0.89,-2.29
2026-10-06T06:56:00Z,SOLAR1,497.3,3.23,138373,4.72,-3.92,0.99,-2.43
2026-10-06T06:57:00Z,SOLAR1,496.2,2.94,148682,4.74,-4.1,0.58,-2.29
2026-10-06T06:58:00Z,SOLAR1,497.8,3.15,143571,4.72,-4.17,0.31,-2.15
2026-10-06T06:59:00Z,SOLAR1,495.6,2.97,145679,4.74,-4.24,0.28,-2.07
2026-10-06T07:00:00Z,SOLAR1,495.2,2.94,147897,4.77,-4.35,0.15,-1.94
2026-10-06T07:01:00Z,SOLAR1,493.9,2.76,141174,4.82,-4.33,0.21,-2.09
2026-10-06T07:02:00Z,SOLAR1,493.6,2.94,139692,4.8,-4.31,0.26,-2.04
2026-10-06T07:03:00Z,SOLAR1,494.0,3.13,136667,4.81,-4.23,0.7,-2.18
2026-10-06T07:04:00Z,SOLAR1,511.3,4.24,139268,4.73,-2.98,1.76,-2.68
2026-10-06T07:05:00Z,SOLAR1,500.2,3.3,140236,4.7,-3.55,1.71,-2.53
2026-10-06T07:06:00Z,SOLAR1,498.1,3.27,146512,4.66,-3.93,1.82,-1.7
2026-10-06T07:07:00Z,SOLAR1,500.5,3.49,138094,4.66,-3.76,2.31,-1.18
2026-10-06T07:08:00Z,SOLAR1,506.5,4.35,120234,4.7,-2.39,3.27,-2.24
2026-10-06T07:09:00Z,SOLAR1,508.1,4.42,116521,4.71,-1.72,3.58,-2.54
2026-10-06T07:10:00Z,SOLAR1,506.3,4.31,115549,4.72,-2.03,3.46,-2.49
2026-10-06T07:11:00Z,SOLAR1,505.6,4.22,114268,4.75,-1.73,3.62,-2.51
2026-10-06T07:12:00Z,SOLAR1,503.9,4.33,115729,4.76,-1.92,3.56,-2.51
2026-10-06T07:13:00Z,SOLAR1,505.5,4.39,115211,4.69,-1.73,3.57,-2.49
2026-10-06T07:14:00Z,SOLAR1,507.3,4.35,118805,4.78,-1.77,3.54,-2.67
2026-10-06T07:15:00Z,SOLAR1,508.1,4.39,119354,4.79,-1.65,3.39,-2.94
2026-10-06T07:16:00Z,SOLAR1,508.4,4.3,115236,4.78,-1.52,3.39,-3.01
2026-10-06T07:17:00Z,SOLAR1,510.4,4.52,115137,4.77,-1.54,3.41,-2.97
2026-10-06T07:18:00Z,SOLAR1,509.2,4.43,120210,4.79,-1.57,3.17,-3.23
2026-10-06T07:19:00Z,SOLAR1,510.1,4.23,116277,4.73,-1.57,3.1,-3.18
2026-10-06T07:20:00Z,SOLAR1,506.3,4.28,119081,4.7,-1.55,2.9,-3.35
2026-10-06T07:21:00Z,SOLAR1,505.8,4.11,119583,4.64,-1.63,2.77,-3.34
2026-10-06T07:22:00Z,SOLAR1,502.5,3.51,122132,4.65,-1.78,2.49,-3.48
2026-10-06T07:23:00Z,SOLAR1,510.7,4.95,125151,4.64,-1.42,3.09,-3.12
2026-10-06T07:24:00Z,SOLAR1,513.6,4.27,114953,4.67,-0.58,2.73,-3.71
2026-10-06T07:25:00Z,SOLAR1,513.1,4.52,126373,4.56,-0.58,2.73,-3.47
2026-10-06T07:26:00Z,SOLAR1,513.4,4.63,121208,4.6,-0.22,2.74,-3.0
2026-10-06T07:27:00Z,SOLAR1,518.3,4.9,116656,4.69,-0.05,3.41,-3.17
2026-10-06T07:28:00Z,SOLAR1,519.0,4.96,117754,4.61,0.29,3.74,-2.65
2026-10-06T07:29:00Z,SOLAR1,534.6,5.08,122514,4.5,0.48,3.67,-2.13
2026-10-06T07:30:00Z,SOLAR1,502.9,4.27,121057,4.61,-2.26,2.87,-2.8
2026-10-06T07:31:00Z,SOLAR1,506.7,4.42,135538,4.59,-1.91,3.19,-2.68
2026-10-06T07:32:00Z,SOLAR1,502.2,4.08,120301,4.58,-2.04,3.48,-2.06
2026-10-06T07:33:00Z,SOLAR1,499.3,4.12,121231,4.62,-2.5,3.19,-2.17
2026-10-06T07:34:00Z,SOLAR1,501.6,4.23,119782,4.65,-2.31,2.94,-2.76
2026-10-06T07:35:00Z,SOLAR1,494.7,3.64,137615,4.62,-2.53,2.3,-3.06
2026-10-06T07:36:00Z,SOLAR1,493.7,3.08,147000,4.64,-3.08,1.24,-3.16
2026-10-06T07:37:00Z,SOLAR1,492.0,2.84,159348,4.64,-3.41,0.73,-2.95
2026-10-06T07:38:00Z,SOLAR1,493.4,3.56,134493,4.59,-3.56,1.23,-2.58
2026-10-06T07:39:00Z,SOLAR1,489.7,2.84,150164,4.63,-3.95,0.95,-2.19
2026-10-06T07:40:00Z,SOLAR1,489.8,3.0,142813,4.55,-3.51,0.98,-2.69
2026-10-06T07:41:00Z,SOLAR1,512.9,6.94,155408,4.42,-1.38,2.2,-2.65
2026-10-06T07:42:00Z,SOLAR1,529.8,4.86,116743,4.48,1.93,3.51,-1.92
2026-10-06T07:43:00Z,SOLAR1,526.5,5.61,121952,4.37,1.4,3.45,-2.24
2026-10-06T07:44:00Z,SOLAR1,511.4,4.12,110628,4.31,-0.15,3.34,-2.47
2026-10-06T07:45:00Z,SOLAR1,495.7,3.92,122007,4.33,-2.15,2.54,-2.69
2026-10-06T07:46:00Z,SOLAR1,493.1,3.73,136683,4.5,-3.21,1.74,-2.53
2026-10-06T07:47:00Z,SOLAR1,513.5,4.79,114273,4.5,-0.44,4.26,-1.29
2026-10-06T07:48:00Z,SOLAR1,502.4,4.24,121194,4.45,-1.54,3.88,-1.43
2026-10-06T07:49:00Z,SOLAR1,492.5,3.75,123438,4.48,-2.98,3.21,-0.91
2026-10-06T07:50:00Z,SOLAR1,495.3,3.98,121418,4.52,-2.52,3.5,-1.2
2026-10-06T07:51:00Z,SOLAR1,499.8,4.21,114043,4.65,-1.97,3.72,-1.95
2026-10-06T07:52:00Z,SOLAR1,501.2,4.2,106903,4.7,-1.52,3.87,-2.18
2026-10-06T07:53:00Z,SOLAR1,496.9,3.92,112960,4.61,-2.16,3.36,-2.27
2026-10-06T07:54:00Z,SOLAR1,502.3,4.37,109329,4.64,-1.58,3.86,-2.03
2026-10-06T07:55:00Z,SOLAR1,502.6,4.35,108596,4.6,-1.36,3.88,-2.07
2026-10-06T07:56:00Z,SOLAR1,506.0,4.87,114723,4.26,-0.49,3.84,-1.75
2026-10-06T07:57:00Z,SOLAR1,502.3,4.19,104589,4.5,-0.9,3.93,-1.96
2026-10-06T07:58:00Z,SOLAR1,505.0,4.43,105683,4.49,-0.81,4.12,-1.59
2026-10-06T07:59:00Z,SOLAR1,501.7,4.27,107043,4.56,-1.49,3.91,-1.79
2026-10-06T08:00:00Z,SOLAR1,501.7,4.4,109266,4.53,-1.55,3.81,-1.89
2026-10-06T08:01:00Z,SOLAR1,499.9,4.1,105026,4.7,-1.52,3.87,-2.17
2026-10-06T08:02:00Z,SOLAR1,499.9,4.13,104748,4.64,-1.65,3.82,-2.04
2026-10-06T08:03:00Z,SOLAR1,499.1,4.13,105539,4.61,-1.61,3.85,-1.94
2026-10-06T08:04:00Z,SOLAR1,496.2,4.49,112535,4.39,-1.73,3.68,-1.66
2026-10-06T08:05:00Z,SOLAR1,497.2,4.23,110297,4.24,-1.66,3.46,-1.81
2026-10-06T08:06:00Z,SOLAR1,499.2,4.4,109106,4.26,-1.36,3.63,-1.77
2026-10-06T08:07:00Z,SOLAR1,496.2,4.37,110278,4.24,-1.58,3.54,-1.68
2026-10-06T08:08:00Z,SOLAR1,497.1,4.57,110923,4.28,-1.53,3.57,-1.76
2026-10-06T08:09:00Z,SOLAR1,496.0,3.83,116999,4.34,-1.73,3.45,-1.82
2026-10-06T08:10:00Z,SOLAR1,499.4,4.32,114366,4.32,-1.43,3.72,-1.67
2026-10-06T08:11:00Z,SOLAR1,494.2,4.26,112707,4.23,-1.84,3.35,-1.77
2026-10-06T08:12:00Z,SOLAR1,490.5,3.73,116831,4.27,-2.45,2.78,-2.05
2026-10-06T08:13:00Z,SOLAR1,502.5,4.6,101720,4.18,-0.13,3.9,-1.44
2026-10-06T08:14:00Z,SOLAR1,512.1,4.8,111246,4.14,0.9,3.93,-0.85
2026-10-06T08:15:00Z,SOLAR1,502.1,4.5,106464,4.33,-0.2,4.19,-0.89
2026-10-06T08:16:00Z,SOLAR1,504.9,4.66,106727,4.36,-0.11,4.27,-0.74
2026-10-06T08:17:00Z,SOLAR1,500.3,4.83,109080,4.19,-0.53,4.06,-0.77
2026-10-06T08:18:00Z,SOLAR1,497.6,4.8,109378,4.13,-0.74,3.91,-0.99
2026-10-06T08:19:00Z,SOLAR1,489.1,3.93,120841,4.09,-1.35,3.4,-1.08
2026-10-06T08:20:00Z,SOLAR1,482.3,3.5,140241,4.05,-3.25,1.88,-1.47
2026-10-06T08:21:00Z,SOLAR1,483.1,3.67,131756,4.13,-3.18,1.99,-1.75
2026-10-06T08:22:00Z,SOLAR1,497.0,4.89,114721,4.1,-2.12,2.75,-1.77
2026-10-06T08:23:00Z,SOLAR1,496.5,5.12,127581,4.2,-0.98,3.55,-2.01
2026-10-06T08:24:00Z,SOLAR1,514.9,5.01,110688,4.13,0.39,3.7,-1.66
2026-10-06T08:25:00Z,SOLAR1,507.9,5.22,107527,4.08,0.83,3.66,-1.58
2026-10-06T08:26:00Z,SOLAR1,507.8,5.6,111408,4.06,0.87,3.59,-1.66
2026-10-06T08:27:00Z,SOLAR1,506.8,5.08,107921,4.1,0.98,3.43,-1.95
2026-10-06T08:28:00Z,SOLAR1,496.1,5.54,110247,4.07,-0.37,3.31,-2.23
2026-10-06T08:29:00Z,SOLAR1,498.4,5.36,112174,4.03,-0.75,3.58,-1.6
2026-10-06T08:30:00Z,SOLAR1,513.8,5.06,104445,4.18,1.57,3.3,-2.04
2026-10-06T08:31:00Z,SOLAR1,514.7,4.83,102707,4.16,1.61,3.14,-2.11
2026-10-06T08:32:00Z,SOLAR1,504.9,5.57,114880,4.08,1.1,3.16,-2.21
2026-10-06T08:33:00Z,SOLAR1,521.1,4.51,109963,4.13,1.83,3.33,-1.58
2026-10-06T08:34:00Z,SOLAR1,522.2,4.52,109397,4.07,2.24,3.05,-1.35
2026-10-06T08:35:00Z,SOLAR1,518.2,4.83,105538,4.15,1.77,3.42,-1.54
2026-10-06T08:36:00Z,SOLAR1,512.3,4.71,107835,4.17,1.88,3.56,-1.1
2026-10-06T08:37:00Z,SOLAR1,518.0,4.48,112197,4.11,2.2,3.34,-0.9
2026-10-06T08:38:00Z,SOLAR1,517.5,3.85,117387,3.98,2.16,3.0,-1.18
2026-10-06T08:39:00Z,SOLAR1,514.9,5.19,118222,3.86,1.3,3.21,-1.58
2026-10-06T08:40:00Z,SOLAR1,506.9,5.06,113480,3.67,0.91,2.79,-2.05
2026-10-06T08:41:00Z,SOLAR1,512.2,4.13,132436,3.42,1.15,2.14,-1.37
2026-10-06T08:42:00Z,SOLAR1,514.8,4.04,136325,3.43,2.87,1.52,1.09
2026-10-06T08:43:00Z,SOLAR1,512.6,4.31,138195,3.4,2.81,1.69,0.88
2026-10-06T08:44:00Z,SOLAR1,513.9,4.28,133057,3.45,2.83,1.85,-0.13
2026-10-06T08:45:00Z,SOLAR1,506.7,4.24,127547,3.72,1.73,0.72,-3.2
2026-10-06T08:46:00Z,SOLAR1,516.9,4.09,138822,3.44,1.89,1.07,-2.09
2026-10-06T08:47:00Z,SOLAR1,514.6,3.96,134416,3.58,3.25,1.04,-1.09
2026-10-06T08:48:00Z,SOLAR1,507.9,4.59,132484,3.06,1.83,1.04,-1.78
2026-10-06T08:49:00Z,SOLAR1,500.5,4.7,131089,3.08,0.32,2.47,-1.62
2026-10-06T08:50:00Z,SOLAR1,502.8,4.1,125724,3.1,0.7,2.81,-0.4
2026-10-06T08:51:00Z,SOLAR1,501.9,4.45,112516,3.57,1.45,3.22,-0.17
2026-10-06T08:52:00Z,SOLAR1,503.7,4.16,115951,3.55,1.54,3.14,-0.51
2026-10-06T08:53:00Z,SOLAR1,502.7,4.29,123604,3.56,1.48,3.24,0.03
2026-10-06T08:54:00Z,SOLAR1,503.6,4.34,132806,3.58,1.73,3.13,-0.05
2026-10-06T08:55:00Z,SOLAR1,503.5,4.28,117672,3.63,1.55,3.28,-0.17
2026-10-06T08:56:00Z,SOLAR1,503.9,4.38,118858,3.74,1.85,3.24,-0.15
2026-10-06T08:57:00Z,SOLAR1,503.4,4.35,118862,3.74,1.74,3.29,-0.14
2026-10-06T08:58:00Z,SOLAR1,504.2,4.31,115685,3.85,1.87,3.36,-0.23
2026-10-06T08:59:00Z,SOLAR1,504.0,4.3,120521,3.91,2.25,3.18,-0.18
2026-10-06T09:00:00Z,SOLAR1,503.7,4.3,132581,3.95,2.51,3.05,-0.18
2026-10-06T09:01:00Z,SOLAR1,505.3,4.34,118593,3.97,2.73,2.75,-0.72
2026-10-06T09:02:00Z,SOLAR1,504.7,4.2,122739,3.97,2.97,2.26,-1.36
2026-10-06T09:03:00Z,SOLAR1,505.1,4.37,121870,4.04,2.87,2.5,-1.34
2026-10-06T09:04:00Z,SOLAR1,506.4,4.17,127946,3.89,2.82,1.58,-2.17
2026-10-06T09:05:00Z,SOLAR1,503.6,4.19,144983,3.86,2.98,1.63,-1.81
2026-10-06T09:06:00Z,SOLAR1,504.2,4.13,120763,3.8,2.83,1.65,-1.91
2026-10-06T09:07:00Z,SOLAR1,504.1,4.44,128235,3.57,2.59,1.69,-1.75
2026-10-06T09:08:00Z,SOLAR1,504.3,4.09,131105,3.69,2.7,1.73,-1.76
2026-10-06T09:09:00Z,SOLAR1,505.7,3.68,136876,4.06,3.25,1.27,-2.03
2026-10-06T09:10:00Z,SOLAR1,508.2,4.11,129792,3.95,2.97,0.8,-2.45
2026-10-06T09:11:00Z,SOLAR1,508.4,4.06,123570,3.97,2.88,0.43,-2.68
2026-10-06T09:12:00Z,SOLAR1,505.2,3.72,124955,3.96,2.82,0.51,-2.66
2026-10-06T09:13:00Z,SOLAR1,506.4,3.92,131952,3.64,2.34,-0.08,-2.67
2026-10-06T09:14:00Z,SOLAR1,506.7,4.42,121580,3.79,2.56,1.15,-2.47
2026-10-06T09:15:00Z,SOLAR1,506.8,4.03,115219,3.96,2.94,1.31,-2.29
2026-10-06T09:16:00Z,SOLAR1,508.2,4.27,131860,3.98,2.79,0.73,-2.73
2026-10-06T09:17:00Z,SOLAR1,507.7,4.45,115399,4.04,2.85,1.5,-2.41
2026-10-06T09:18:00Z,SOLAR1,504.0,4.45,109609,4.14,2.46,2.66,-2.06
2026-10-06T09:19:00Z,IMAP,516.31,3.83,85503,3.81,2.45,1.74,-2.29
2026-10-06T09:20:00Z,IMAP,512.32,3.77,90670,3.99,2.07,2.79,-1.95
2026-10-06T09:21:00Z,SOLAR1,499.4,4.22,117513,4.28,1.86,3.64,-1.19
2026-10-06T09:22:00Z,SOLAR1,501.3,4.98,115918,3.69,1.35,3.36,-0.71
2026-10-06T09:23:00Z,SOLAR1,500.5,5.06,112572,3.75,1.0,3.57,-0.31
2026-10-06T09:24:00Z,SOLAR1,497.2,4.5,119980,3.85,0.37,3.81,0.2
2026-10-06T09:25:00Z,SOLAR1,493.9,4.6,117739,3.83,0.51,3.75,-0.02
2026-10-06T09:26:00Z,SOLAR1,503.5,4.51,111454,3.91,1.04,3.68,-0.47
2026-10-06T09:27:00Z,SOLAR1,501.0,4.43,109937,3.98,1.03,3.79,-0.49
2026-10-06T09:28:00Z,SOLAR1,492.5,4.74,106571,3.69,1.06,3.45,-0.53
2026-10-06T09:29:00Z,SOLAR1,500.8,3.58,141877,3.93,2.34,0.96,-2.22
2026-10-06T09:30:00Z,SOLAR1,506.7,3.28,122052,4.14,2.97,-0.64,-2.72
2026-10-06T09:31:00Z,SOLAR1,502.3,3.6,140795,4.1,3.15,0.2,-2.57
2026-10-06T09:32:00Z,SOLAR1,506.9,4.04,136095,4.07,3.35,0.58,-2.15
2026-10-06T09:33:00Z,SOLAR1,507.3,3.65,108483,4.05,3.15,0.29,-2.4
2026-10-06T09:34:00Z,SOLAR1,505.2,3.52,135101,4.02,3.28,0.63,-2.19
2026-10-06T09:35:00Z,SOLAR1,509.6,3.38,114491,4.05,3.47,0.73,-1.93
2026-10-06T09:36:00Z,SOLAR1,507.1,3.68,124665,3.97,3.48,0.43,-1.86
2026-10-06T09:37:00Z,SOLAR1,506.1,3.35,141734,4.0,3.44,0.04,-2.03
2026-10-06T09:38:00Z,SOLAR1,505.5,3.54,117758,4.02,3.46,0.41,-1.98
2026-10-06T09:39:00Z,SOLAR1,504.0,3.34,122754,3.9,3.34,-0.06,-1.99
2026-10-06T09:40:00Z,SOLAR1,504.1,3.23,126356,3.97,3.53,0.01,-1.79
2026-10-06T09:41:00Z,SOLAR1,507.0,3.77,129409,4.1,3.53,0.68,-1.91
2026-10-06T09:42:00Z,SOLAR1,506.4,4.25,107685,4.12,3.21,1.79,-1.82
2026-10-06T09:43:00Z,SOLAR1,505.8,4.19,110603,4.07,2.92,2.31,-1.54
2026-10-06T09:44:00Z,SOLAR1,506.2,4.37,105390,4.02,2.9,2.38,-1.42
2026-10-06T09:45:00Z,SOLAR1,506.1,4.36,108208,4.02,3.02,1.76,-1.93
2026-10-06T09:46:00Z,SOLAR1,508.3,4.3,103166,4.09,3.05,2.24,-1.5
2026-10-06T09:47:00Z,SOLAR1,505.5,4.8,104173,3.97,2.57,2.66,-1.38
2026-10-06T09:48:00Z,SOLAR1,506.7,4.45,104293,4.01,2.58,2.47,-1.77
2026-10-06T09:49:00Z,SOLAR1,506.5,4.54,105663,4.02,2.69,2.34,-1.83
2026-10-06T09:50:00Z,SOLAR1,504.5,4.72,110405,4.01,2.49,2.5,-1.9
2026-10-06T09:51:00Z,SOLAR1,504.7,3.78,114435,3.88,2.9,0.72,-2.43
2026-10-06T09:52:00Z,SOLAR1,509.0,3.76,121951,3.87,2.81,0.08,-2.64
2026-10-06T09:53:00Z,SOLAR1,504.1,4.24,114413,3.84,2.81,1.03,-2.33
2026-10-06T09:54:00Z,SOLAR1,497.6,4.86,126078,3.76,2.63,1.41,-1.91
2026-10-06T09:55:00Z,SOLAR1,508.5,4.07,117141,3.79,2.84,1.41,-1.97
2026-10-06T09:56:00Z,SOLAR1,511.0,4.43,116764,3.7,2.71,2.11,-1.3
2026-10-06T09:57:00Z,SOLAR1,506.6,4.32,122656,3.71,2.58,2.02,-1.62
2026-10-06T09:58:00Z,SOLAR1,514.4,4.06,129794,3.66,2.84,1.5,-1.67
2026-10-06T09:59:00Z,SOLAR1,493.8,5.02,114812,3.59,1.23,1.29,-2.96
2026-10-06T10:00:00Z,SOLAR1,487.7,3.52,112788,3.65,0.37,1.97,-2.9
2026-10-06T10:01:00Z,SOLAR1,479.3,4.47,104529,3.69,-0.71,2.23,-2.7
2026-10-06T10:02:00Z,SOLAR1,475.3,4.28,113226,3.69,-1.39,2.58,-2.0
2026-10-06T10:03:00Z,SOLAR1,505.5,3.58,109436,3.65,0.59,2.3,-1.83
2026-10-06T10:04:00Z,SOLAR1,516.1,3.45,129922,3.72,3.51,0.26,-1.07
2026-10-06T10:05:00Z,SOLAR1,510.1,3.51,122100,3.69,3.35,-0.65,-1.37
2026-10-06T10:06:00Z,SOLAR1,504.0,3.33,118098,3.74,2.91,-0.21,-2.33
2026-10-06T10:07:00Z,SOLAR1,503.9,3.63,121054,3.53,2.64,0.73,-2.02
2026-10-06T10:08:00Z,SOLAR1,495.5,3.83,120115,3.62,1.8,1.52,-2.7
2026-10-06T10:09:00Z,SOLAR1,497.2,3.85,114338,3.72,2.31,0.85,-2.79
2026-10-06T10:10:00Z,SOLAR1,497.9,4.4,117746,3.43,1.75,1.34,-2.56
2026-10-06T10:11:00Z,SOLAR1,493.5,4.37,114203,3.36,1.45,1.29,-2.73
2026-10-06T10:12:00Z,SOLAR1,496.4,4.6,113114,3.37,1.25,1.61,-2.64
2026-10-06T10:13:00Z,SOLAR1,481.7,3.96,125946,3.21,-0.48,1.09,-2.77
2026-10-06T10:14:00Z,SOLAR1,474.2,3.96,131936,3.42,-2.28,1.66,-1.73
2026-10-06T10:15:00Z,SOLAR1,475.2,4.06,143641,3.32,-2.35,2.31,-0.11
2026-10-06T10:16:00Z,SOLAR1,478.8,4.08,124610,3.04,-2.01,2.25,0.11
2026-10-06T10:17:00Z,SOLAR1,480.2,3.98,125715,3.2,-2.04,2.44,0.08
2026-10-06T10:18:00Z,SOLAR1,481.4,4.13,133494,3.09,-2.09,2.23,0.42
2026-10-06T10:19:00Z,SOLAR1,486.4,4.49,126536,3.01,-1.54,2.2,-1.2
2026-10-06T10:20:00Z,SOLAR1,483.4,4.37,133733,2.76,-1.56,1.16,-1.48
2026-10-06T10:21:00Z,SOLAR1,495.2,4.86,124399,2.99,-0.38,1.38,-2.55
2026-10-06T10:22:00Z,SOLAR1,492.5,4.47,128510,3.03,0.32,0.73,-2.89
2026-10-06T10:23:00Z,SOLAR1,496.3,3.91,130010,3.04,1.48,0.07,-2.62
2026-10-06T10:24:00Z,SOLAR1,496.1,3.48,144417,3.09,2.1,0.26,-2.16
2026-10-06T10:25:00Z,SOLAR1,499.3,3.87,133408,2.89,2.24,0.02,-1.76
2026-10-06T10:26:00Z,SOLAR1,500.6,4.43,135692,2.83,2.1,0.69,-1.56
2026-10-06T10:27:00Z,SOLAR1,502.9,3.79,150178,2.9,1.86,0.08,-1.93
2026-10-06T10:28:00Z,SOLAR1,502.2,3.39,141734,2.98,2.66,-1.09,-0.59
2026-10-06T10:29:00Z,SOLAR1,506.4,3.95,142579,3.5,2.96,-1.34,-1.22
2026-10-06T10:30:00Z,SOLAR1,500.9,3.32,162089,3.77,3.27,-1.32,-1.29
2026-10-06T10:31:00Z,SOLAR1,499.7,3.06,129588,3.88,3.42,-1.24,-1.29
2026-10-06T10:32:00Z,SOLAR1,497.8,3.07,133999,4.03,3.93,-0.45,-0.78
2026-10-06T10:33:00Z,SOLAR1,496.4,3.09,131165,4.16,4.03,-0.45,-0.91
2026-10-06T10:34:00Z,SOLAR1,494.6,2.67,116859,4.53,4.32,0.57,-1.21
2026-10-06T10:35:00Z,SOLAR1,495.3,2.75,118388,4.52,4.31,0.78,-1.06
2026-10-06T10:36:00Z,SOLAR1,517.76,3.44,50887,4.58,4.32,0.76,-1.29
2026-10-06T10:37:00Z,SOLAR1,495.3,2.75,109628,4.68,4.4,0.97,-1.2
2026-10-06T10:38:00Z,SOLAR1,495.2,2.78,114471,4.69,4.44,1.0,-1.12
2026-10-06T10:39:00Z,SOLAR1,494.4,3.11,101198,4.69,4.33,1.35,-1.17
2026-10-06T10:40:00Z,SOLAR1,494.7,3.12,103864,4.68,4.26,1.47,-1.22
2026-10-06T10:41:00Z,SOLAR1,495.5,2.88,109364,4.7,4.27,1.64,-1.05
2026-10-06T10:42:00Z,SOLAR1,494.6,3.0,107849,4.62,4.27,1.59,-0.74
2026-10-06T10:43:00Z,SOLAR1,495.3,3.07,101958,4.67,4.36,1.62,-0.37
2026-10-06T10:44:00Z,SOLAR1,500.2,3.2,116296,4.61,4.19,1.75,-0.53
2026-10-06T10:45:00Z,SOLAR1,500.5,3.21,117021,4.47,4.22,1.43,-0.24
2026-10-06T10:46:00Z,SOLAR1,500.0,3.26,115976,4.45,4.27,1.18,-0.29
2026-10-06T10:47:00Z,SOLAR1,499.9,3.21,115878,4.5,4.38,1.0,0.04
2026-10-06T10:48:00Z,SOLAR1,498.5,3.1,119492,4.54,4.28,1.3,0.64
2026-10-06T10:49:00Z,SOLAR1,496.5,3.07,103465,4.55,4.18,1.53,0.56
2026-10-06T10:50:00Z,SOLAR1,496.7,3.15,127822,4.02,3.81,0.6,0.86
2026-10-06T10:51:00Z,SOLAR1,496.8,3.26,131178,4.26,4.14,0.59,0.69
2026-10-06T10:52:00Z,SOLAR1,498.1,3.3,123285,4.29,4.21,0.62,0.51
2026-10-06T10:53:00Z,SOLAR1,496.5,3.15,126294,4.33,4.24,0.28,0.78
2026-10-06T10:54:00Z,SOLAR1,501.0,3.98,133955,3.75,3.71,-0.15,0.47
2026-10-06T10:55:00Z,SOLAR1,496.4,4.13,133642,3.84,3.42,1.29,-1.05
2026-10-06T10:56:00Z,SOLAR1,485.4,4.01,114048,3.89,2.86,1.58,-2.01
2026-10-06T10:57:00Z,SOLAR1,483.6,3.65,114771,4.26,3.1,2.22,-1.81
2026-10-06T10:58:00Z,SOLAR1,484.9,3.55,111473,4.35,3.19,2.16,-1.97
2026-10-06T10:59:00Z,SOLAR1,487.0,4.43,123119,4.11,2.52,2.09,-2.29
2026-10-06T11:00:00Z,SOLAR1,479.3,4.43,134742,3.37,0.46,0.78,-2.93
2026-10-06T11:01:00Z,SOLAR1,472.4,3.84,129608,3.74,-1.74,0.33,-3.27
2026-10-06T11:02:00Z,SOLAR1,468.9,3.79,125055,3.94,-2.25,0.11,-3.23
2026-10-06T11:03:00Z,SOLAR1,468.8,3.81,115819,3.94,-2.45,0.68,-2.96
2026-10-06T11:04:00Z,SOLAR1,479.4,4.36,100023,4.07,-1.18,1.28,-3.3
2026-10-06T11:05:00Z,SOLAR1,479.9,4.49,102575,4.22,-0.35,1.96,-3.71
2026-10-06T11:06:00Z,SOLAR1,478.2,4.37,100284,4.17,-0.08,1.93,-3.69
2026-10-06T11:07:00Z,SOLAR1,478.8,4.15,103056,4.11,0.25,1.73,-3.72
2026-10-06T11:08:00Z,SOLAR1,476.1,4.52,100809,4.13,-0.07,2.06,-3.58
2026-10-06T11:09:00Z,SOLAR1,477.8,4.22,102798,4.08,-0.26,2.01,-3.54
2026-10-06T11:10:00Z,SOLAR1,479.2,4.14,109472,4.14,-0.01,1.7,-3.76
2026-10-06T11:11:00Z,SOLAR1,478.1,4.18,110184,4.15,-0.05,1.37,-3.9
2026-10-06T11:12:00Z,SOLAR1,475.1,4.26,103399,4.13,-0.19,1.6,-3.77
2026-10-06T11:13:00Z,SOLAR1,478.5,4.42,80372,4.06,0.15,1.43,-3.77
2026-10-06T11:14:00Z,SOLAR1,479.2,4.02,116277,4.07,0.24,1.23,-3.86
2026-10-06T11:15:00Z,SOLAR1,476.3,4.44,112638,4.06,-0.25,1.91,-3.51
2026-10-06T11:16:00Z,SOLAR1,471.8,4.02,113835,4.09,-1.42,1.61,-3.51
2026-10-06T11:17:00Z,SOLAR1,471.4,4.65,111347,4.12,-0.84,1.6,-3.67
2026-10-06T11:18:00Z,SOLAR1,467.4,3.99,122070,3.86,-1.97,1.46,-2.96
2026-10-06T11:19:00Z,SOLAR1,465.7,3.92,134027,3.91,-2.47,1.18,-2.78
2026-10-06T11:20:00Z,SOLAR1,468.9,4.27,115297,3.86,-1.5,1.27,-3.29
2026-10-06T11:21:00Z,SOLAR1,471.2,4.26,121930,3.68,-1.71,1.11,-3.05
2026-10-06T11:22:00Z,SOLAR1,471.4,4.16,127891,3.57,-1.81,0.87,-2.93
2026-10-06T11:23:00Z,SOLAR1,470.7,4.06,138670,3.42,-2.94,0.0,-1.69
2026-10-06T11:24:00Z,SOLAR1,474.5,4.17,123662,3.57,-2.49,0.32,-2.42
2026-10-06T11:25:00Z,SOLAR1,469.9,4.06,130000,3.63,-2.12,0.48,-2.91
2026-10-06T11:26:00Z,SOLAR1,468.2,3.8,132565,3.74,-2.17,0.53,-2.97
2026-10-06T11:27:00Z,SOLAR1,467.6,3.91,141230,3.9,-2.6,0.41,-2.87
2026-10-06T11:28:00Z,SOLAR1,464.88,4.7,92103,3.91,-2.6,0.49,-2.88
2026-10-06T11:29:00Z,SOLAR1,466.5,3.76,120917,3.91,-2.59,0.63,-2.85
2026-10-06T11:30:00Z,SOLAR1,466.7,3.93,125784,3.97,-2.59,0.81,-2.91
2026-10-06T11:31:00Z,SOLAR1,466.1,3.92,123485,3.93,-2.97,0.58,-2.5
2026-10-06T11:32:00Z,SOLAR1,466.4,3.74,137124,3.88,-3.16,0.64,-2.12
2026-10-06T11:33:00Z,SOLAR1,464.6,3.71,129672,3.83,-3.3,0.48,-1.87
2026-10-06T11:34:00Z,SOLAR1,466.7,3.49,136940,3.81,-3.52,0.05,-1.37
2026-10-06T11:35:00Z,SOLAR1,467.0,3.72,133768,3.73,-3.5,-0.39,-1.21
2026-10-06T11:36:00Z,SOLAR1,470.5,3.7,137670,3.59,-2.97,-0.68,-1.86
2026-10-06T11:37:00Z,SOLAR1,467.8,3.85,140852,3.39,-2.58,-0.54,-2.05
2026-10-06T11:38:00Z,SOLAR1,462.1,3.72,127381,3.62,-3.03,0.37,-1.97
2026-10-06T11:39:00Z,SOLAR1,463.0,3.73,131141,3.63,-3.11,0.39,-1.82
2026-10-06T11:40:00Z,SOLAR1,463.3,3.84,136085,3.5,-3.12,0.52,-1.48
2026-10-06T11:41:00Z,SOLAR1,461.1,3.65,132378,3.53,-3.28,0.42,-1.22
2026-10-06T11:42:00Z,SOLAR1,462.9,3.61,132231,3.45,-3.3,0.42,-0.88
2026-10-06T11:43:00Z,SOLAR1,463.9,3.58,132336,3.46,-3.33,0.52,-0.79
2026-10-06T11:44:00Z,SOLAR1,463.0,3.52,130913,3.48,-3.37,0.63,-0.58
2026-10-06T11:45:00Z,SOLAR1,463.8,3.61,135297,3.46,-3.36,0.7,-0.44
2026-10-06T11:46:00Z,SOLAR1,462.4,3.5,133558,3.49,-3.38,0.79,-0.39
2026-10-06T11:47:00Z,SOLAR1,463.6,3.46,136060,3.49,-3.37,0.82,-0.32
2026-10-06T11:48:00Z,SOLAR1,463.2,3.48,129777,3.15,-3.08,0.63,-0.06
2026-10-06T11:49:00Z,SOLAR1,462.8,3.55,127758,3.22,-3.17,0.58,-0.14
2026-10-06T11:50:00Z,SOLAR1,464.9,3.58,126759,3.09,-3.03,0.53,-0.27
2026-10-06T11:51:00Z,SOLAR1,463.1,3.76,133302,2.95,-2.8,0.81,-0.38
2026-10-06T11:52:00Z,SOLAR1,463.5,3.74,129606,3.09,-2.76,1.36,-0.21
2026-10-06T11:53:00Z,SOLAR1,464.2,3.48,130863,3.01,-2.64,1.44,-0.18
2026-10-06T11:54:00Z,SOLAR1,469.2,4.14,129873,2.93,-2.5,1.4,0.2
2026-10-06T11:55:00Z,SOLAR1,470.6,4.09,132994,2.39,-1.99,1.28,0.06
2026-10-06T11:56:00Z,SOLAR1,469.7,4.2,129014,2.39,-1.67,1.65,-0.28
2026-10-06T11:57:00Z,SOLAR1,471.6,4.47,125222,2.32,-1.3,1.78,-0.61
2026-10-06T11:58:00Z,SOLAR1,478.6,4.14,116808,2.62,1.27,1.53,-1.68
2026-10-06T11:59:00Z,SOLAR1,481.0,3.97,120252,2.97,1.95,1.29,-1.81
2026-10-06T12:00:00Z,SOLAR1,469.9,4.49,129096,3.02,1.86,1.59,-1.58
2026-10-06T12:01:00Z,SOLAR1,469.7,4.14,120569,2.94,-0.44,2.4,-1.65
2026-10-06T12:02:00Z,SOLAR1,467.9,4.36,110804,2.89,-0.55,2.1,-1.89
2026-10-06T12:03:00Z,SOLAR1,467.9,4.5,110978,3.08,0.2,2.2,-2.08
2026-10-06T12:04:00Z,SOLAR1,477.0,4.03,118842,3.2,1.07,2.31,-1.7
2026-10-06T12:05:00Z,SOLAR1,475.9,4.25,117257,3.2,1.84,2.12,-1.48
2026-10-06T12:06:00Z,SOLAR1,477.8,4.0,110448,3.52,2.23,2.25,-1.51
2026-10-06T12:07:00Z,SOLAR1,477.1,3.85,109507,3.67,2.73,2.18,-1.12
2026-10-06T12:08:00Z,SOLAR1,475.7,3.53,112764,3.69,3.16,1.77,-0.69
2026-10-06T12:09:00Z,SOLAR1,475.5,3.69,113052,3.73,3.25,1.74,-0.54
2026-10-06T12:10:00Z,SOLAR1,478.0,3.74,116290,3.76,3.2,1.82,-0.73
2026-10-06T12:11:00Z,SOLAR1,477.2,3.58,110567,3.71,3.12,1.76,-0.94
2026-10-06T12:12:00Z,SOLAR1,478.1,3.6,111242,3.68,3.04,1.78,-1.02
2026-10-06T12:13:00Z,SOLAR1,477.7,3.54,107997,3.75,3.15,1.87,-0.78
2026-10-06T12:14:00Z,SOLAR1,474.2,3.94,105441,3.7,3.17,1.72,-0.8
2026-10-06T12:15:00Z,SOLAR1,475.6,3.83,105018,3.79,2.64,2.35,-1.36
2026-10-06T12:16:00Z,SOLAR1,473.1,3.8,118798,3.81,2.92,2.17,-1.03
2026-10-06T12:17:00Z,SOLAR1,474.4,3.81,105108,3.77,2.67,2.32,-1.29
2026-10-06T12:18:00Z,SOLAR1,475.6,3.93,96901,3.9,2.68,2.39,-1.49
2026-10-06T12:19:00Z,SOLAR1,475.4,3.83,99910,3.89,2.59,2.44,-1.55
2026-10-06T12:20:00Z,SOLAR1,474.6,3.93,97942,3.92,2.65,2.46,-1.53
2026-10-06T12:21:00Z,SOLAR1,476.4,3.48,107784,3.91,2.76,2.27,-1.57
2026-10-06T12:22:00Z,SOLAR1,473.9,3.8,102385,3.87,2.64,2.36,-1.55
2026-10-06T12:23:00Z,SOLAR1,472.6,4.17,100548,3.75,2.31,2.49,-1.56
2026-10-06T12:24:00Z,SOLAR1,472.1,3.85,104139,3.8,2.41,2.59,-1.4
2026-10-06T12:25:00Z,SOLAR1,471.7,4.07,102822,3.8,2.02,2.82,-1.46
2026-10-06T12:26:00Z,SOLAR1,470.7,4.06,99302,3.78,1.95,2.86,-1.46
2026-10-06T12:27:00Z,SOLAR1,467.5,4.2,98003,3.82,1.84,2.94,-1.61
2026-10-06T12:28:00Z,SOLAR1,470.0,4.2,99446,3.86,1.53,3.12,-1.68
2026-10-06T12:29:00Z,SOLAR1,471.7,4.18,104685,3.7,1.7,3.03,-1.11
2026-10-06T12:30:00Z,SOLAR1,472.4,4.02,99496,3.8,1.72,2.94,-1.66
2026-10-06T12:31:00Z,SOLAR1,472.8,4.04,103509,3.76,1.84,2.74,-1.8
2026-10-06T12:32:00Z,SOLAR1,465.8,4.84,111441,3.58,1.66,2.52,-1.93
2026-10-06T12:33:00Z,SOLAR1,467.3,4.26,113661,2.93,1.06,1.89,-1.71
2026-10-06T12:34:00Z,SOLAR1,467.5,4.41,110987,2.81,0.68,1.09,-2.5
2026-10-06T12:35:00Z,SOLAR1,472.3,4.37,107282,3.06,1.14,1.37,-2.47
2026-10-06T12:36:00Z,SOLAR1,470.6,4.11,106110,3.22,1.64,1.71,-2.17
2026-10-06T12:37:00Z,SOLAR1,473.0,4.4,113076,3.19,1.67,1.74,-1.95
2026-10-06T12:38:00Z,SOLAR1,472.3,4.47,129887,3.2,2.1,1.76,-1.62
2026-10-06T12:39:00Z,SOLAR1,473.7,3.87,108041,3.4,2.14,1.51,-2.15
2026-10-06T12:40:00Z,SOLAR1,473.7,4.26,104582,3.72,2.06,2.84,-1.23
2026-10-06T12:41:00Z,SOLAR1,472.2,4.25,95859,3.56,1.95,2.68,-1.24
2026-10-06T12:42:00Z,SOLAR1,474.5,4.26,117791,3.61,2.1,2.47,-1.56
2026-10-06T12:43:00Z,SOLAR1,473.9,4.26,106015,3.5,2.22,2.45,-1.05
2026-10-06T12:44:00Z,SOLAR1,475.0,4.15,107922,3.48,2.32,2.41,-0.95
2026-10-06T12:45:00Z,SOLAR1,459.0,4.2,102901,3.45,2.19,2.56,-0.65
2026-10-06T12:46:00Z,SOLAR1,481.9,3.5,123759,3.62,2.05,2.42,-0.54
2026-10-06T12:47:00Z,SOLAR1,471.4,4.09,123680,3.55,3.21,1.3,-0.57
2026-10-06T12:48:00Z,SOLAR1,471.2,3.98,110952,3.54,2.57,2.28,-0.63
2026-10-06T12:49:00Z,SOLAR1,467.9,3.81,111191,3.7,2.81,2.33,-0.52
2026-10-06T12:50:00Z,SOLAR1,463.9,4.6,99076,3.72,1.27,3.35,-0.81
2026-10-06T12:51:00Z,SOLAR1,464.1,4.15,109307,3.67,0.7,3.56,-0.3
2026-10-06T12:52:00Z,SOLAR1,464.3,4.16,109462,3.55,0.69,3.45,-0.18
2026-10-06T12:53:00Z,SOLAR1,477.5,4.37,127337,3.44,0.92,3.27,-0.52
2026-10-06T12:54:00Z,SOLAR1,466.4,4.08,112709,3.64,-0.12,3.5,-0.6
2026-10-06T12:55:00Z,SOLAR1,461.0,3.88,108688,3.61,-1.86,2.98,-0.74
2026-10-06T12:56:00Z,SOLAR1,467.4,4.17,114542,3.57,-0.47,3.44,-0.66
2026-10-06T12:57:00Z,SOLAR1,465.3,3.86,113118,3.6,-0.89,3.43,-0.1
2026-10-06T12:58:00Z,SOLAR1,466.4,4.45,115835,3.29,-0.21,3.21,-0.33
2026-10-06T12:59:00Z,SOLAR1,465.3,4.41,115108,3.05,0.8,2.88,-0.56
2026-10-06T13:00:00Z,SOLAR1,471.3,4.48,121036,3.03,1.68,2.44,-0.6
2026-10-06T13:01:00Z,SOLAR1,470.9,4.19,111488,3.24,2.15,2.32,-0.63
2026-10-06T13:02:00Z,SOLAR1,471.2,4.12,110810,3.34,2.35,2.31,-0.49
2026-10-06T13:03:00Z,SOLAR1,471.0,4.19,113990,3.39,2.44,2.31,-0.22
2026-10-06T13:04:00Z,SOLAR1,470.2,4.32,113161,3.22,2.02,2.46,-0.41
2026-10-06T13:05:00Z,SOLAR1,470.1,4.45,116457,3.12,2.01,2.3,-0.55
2026-10-06T13:06:00Z,SOLAR1,472.2,4.64,114315,3.21,1.65,2.61,-0.82
2026-10-06T13:07:00Z,SOLAR1,472.3,4.42,123093,2.85,1.53,2.32,-0.61
2026-10-06T13:08:00Z,SOLAR1,467.9,4.23,125904,3.2,1.51,2.69,-0.67
2026-10-06T13:09:00Z,SOLAR1,469.0,3.86,107705,3.64,1.19,3.29,0.72
2026-10-06T13:10:00Z,SOLAR1,469.7,3.91,105928,3.62,1.18,3.38,0.49
2026-10-06T13:11:00Z,SOLAR1,467.3,3.65,103860,3.87,2.01,3.27,0.18
2026-10-06T13:12:00Z,SOLAR1,467.5,3.82,105199,3.85,2.34,3.05,-0.12
2026-10-06T13:13:00Z,SOLAR1,470.0,3.85,110042,3.67,2.26,2.89,-0.07
2026-10-06T13:14:00Z,SOLAR1,469.5,3.82,113355,3.66,2.27,2.85,-0.14
2026-10-06T13:15:00Z,SOLAR1,467.7,3.73,104761,3.68,2.32,2.83,-0.32
2026-10-06T13:16:00Z,SOLAR1,465.6,3.85,105502,3.79,2.17,3.09,-0.32
2026-10-06T13:17:00Z,SOLAR1,464.9,3.83,113742,3.64,2.15,2.92,-0.1
2026-10-06T13:18:00Z,SOLAR1,465.5,3.77,105243,3.65,2.07,2.97,-0.23
2026-10-06T13:19:00Z,SOLAR1,464.6,3.82,110411,3.77,2.21,3.06,-0.13
2026-10-06T13:20:00Z,SOLAR1,464.4,3.82,107709,3.71,2.21,2.98,-0.17
2026-10-06T13:21:00Z,SOLAR1,462.9,3.95,122392,3.53,2.06,2.81,-0.56
2026-10-06T13:22:00Z,SOLAR1,463.3,3.83,105569,3.66,1.88,3.09,-0.61
2026-10-06T13:23:00Z,SOLAR1,461.1,3.77,113510,3.69,1.96,3.05,-0.57
2026-10-06T13:24:00Z,SOLAR1,460.2,3.94,105381,3.63,1.62,3.23,0.14
2026-10-06T13:25:00Z,SOLAR1,462.0,3.99,108582,3.69,1.66,3.29,-0.01
2026-10-06T13:26:00Z,SOLAR1,459.3,4.11,107822,3.67,1.43,3.34,-0.42
2026-10-06T13:27:00Z,SOLAR1,460.2,4.08,108687,3.7,1.58,3.34,-0.24
2026-10-06T13:28:00Z,SOLAR1,461.1,4.05,110953,3.76,1.62,3.37,-0.32
2026-10-06T13:29:00Z,SOLAR1,460.4,3.94,125322,3.83,1.62,3.45,-0.36
2026-10-06T13:30:00Z,SOLAR1,460.6,4.16,106522,3.67,1.38,3.38,-0.24
2026-10-06T13:31:00Z,SOLAR1,458.3,4.18,112886,3.59,1.07,3.37,-0.57
2026-10-06T13:32:00Z,SOLAR1,460.9,4.06,113519,3.48,1.37,3.18,-0.31
